city,time,temperature,rain,wind_speed
London,2026-09-29T00:00,16.3,0.0,11.9
London,2026-09-29T01:00,16.5,0.1,9.4
London,2026-09-29T02:00,16.7,0.0,11.2
London,2026-09-29T03:00,16.8,0.0,10.4
London,2026-09-29T04:00,17.0,0.0,10.4
London,2026-09-29T05:00,17.3,0.0,11.2
London,2026-09-29T06:00,17.5,0.0,8.6
London,2026-09-29T07:00,17.7,0.0,8.3
London,2026-09-29T08:00,18.0,0.0,9.4
London,2026-09-29T09:00,18.6,0.0,9.7
London,2026-09-29T10:00,19.6,0.0,13.0
London,2026-09-29T11:00,20.9,0.0,13.0
London,2026-09-29T12:00,23.0,0.0,14.0
London,2026-09-29T13:00,24.8,0.0,14.8
London,2026-09-29T14:00,25.5,0.0,15.8
London,2026-09-29T15:00,25.4,0.0,15.1
London,2026-09-29T16:00,24.8,0.0,14.8
London,2026-09-29T17:00,24.1,0.0,11.2
London,2026-09-29T18:00,22.8,0.0,12.2
London,2026-09-29T19:00,21.9,0.0,10.4
London,2026-09-29T20:00,21.9,0.0,11.2
London,2026-09-29T21:00,21.9,0.0,10.4
London,2026-09-29T22:00,21.9,0.0,11.2
London,2026-09-29T23:00,21.8,0.0,11.2
London,2026-09-30T00:00,22.0,0.0,13.7
London,2026-09-30T01:00,21.7,0.0,14.8
London,2026-09-30T02:00,21.4,0.0,13.3
London,2026-09-30T03:00,21.1,0.0,12.2
London,2026-09-30T04:00,21.0,0.0,13.0
London,2026-09-30T05:00,20.9,0.0,14.0
London,2026-09-30T06:00,20.3,0.2,13.7
London,2026-09-30T07:00,20.4,0.0,15.5
London,2026-09-30T08:00,20.5,0.0,15.8
London,2026-09-30T09:00,20.9,0.0,17.3
London,2026-09-30T10:00,21.5,0.0,18.7
London,2026-09-30T11:00,21.3,0.0,14.4
London,2026-09-30T12:00,22.4,0.0,16.6
London,2026-09-30T13:00,23.5,0.0,18.0
London,2026-09-30T14:00,23.6,0.0,19.1
London,2026-09-30T15:00,22.9,0.0,19.8
London,2026-09-30T16:00,22.3,0.0,19.1
London,2026-09-30T17:00,21.3,0.0,15.5
London,2026-09-30T18:00,20.4,0.0,13.0
London,2026-09-30T19:00,19.7,0.0,12.2
London,2026-09-30T20:00,19.2,0.0,11.9
London,2026-09-30T21:00,18.6,0.0,11.2
London,2026-09-30T22:00,17.8,0.0,11.9
London,2026-09-30T23:00,17.5,0.1,11.2
London,2026-10-01T00:00,17.1,0.0,10.1
London,2026-10-01T01:00,16.8,0.0,9.0
London,2026-10-01T02:00,16.4,0.0,9.4
London,2026-10-01T03:00,15.9,0.0,8.6
London,2026-10-01T04:00,15.6,0.0,11.5
London,2026-10-01T05:00,15.1,0.0,8.3
London,2026-10-01T06:00,14.9,0.0,7.6
London,2026-10-01T07:00,14.9,0.0,9.1
London,2026-10-01T08:00,15.0,0.0,9.5
London,2026-10-01T09:00,15.4,0.0,9.0
London,2026-10-01T10:00,16.0,0.0,8.6
London,2026-10-01T11:00,17.0,0.0,9.4
London,2026-10-01T12:00,18.1,0.0,9.7
London,2026-10-01T13:00,19.1,0.0,10.1
London,2026-10-01T14:00,20.0,0.0,10.8
London,2026-10-01T15:00,20.6,0.0,11.2
London,2026-10-01T16:00,20.6,0.0,11.5
London,2026-10-01T17:00,20.2,0.0,12.2
London,2026-10-01T18:00,19.7,0.0,12.2
London,2026-10-01T19:00,19.1,0.0,11.9
London,2026-10-01T20:00,18.3,0.0,10.8
London,2026-10-01T21:00,17.5,0.0,10.1
London,2026-10-01T22:00,16.9,0.0,9.7
London,2026-10-01T23:00,16.4,0.0,9.0
London,2026-10-02T00:00,15.8,0.0,8.6
London,2026-10-02T01:00,15.2,0.0,7.9
London,2026-10-02T02:00,14.7,0.0,6.8
London,2026-10-02T03:00,14.3,0.0,6.5
London,2026-10-02T04:00,14.1,0.0,6.5
London,2026-10-02T05:00,14.0,0.0,7.2
London,2026-10-02T06:00,14.1,0.0,7.6
London,2026-10-02T07:00,14.4,0.0,7.2
London,2026-10-02T08:00,14.9,0.0,7.2
London,2026-10-02T09:00,15.7,0.0,7.6
London,2026-10-02T10:00,16.9,0.0,9.7
London,2026-10-02T11:00,18.4,0.0,13.0
London,2026-10-02T12:00,19.6,0.0,15.1
London,2026-10-02T13:00,20.2,0.0,15.8
London,2026-10-02T14:00,20.5,0.0,15.8
London,2026-10-02T15:00,20.5,0.0,15.5
London,2026-10-02T16:00,20.3,0.0,15.1
London,2026-10-02T17:00,19.8,0.0,14.4
London,2026-10-02T18:00,19.3,0.0,13.7
London,2026-10-02T19:00,18.7,0.0,12.2
London,2026-10-02T20:00,18.0,0.0,10.8
London,2026-10-02T21:00,17.3,0.0,9.4
London,2026-10-02T22:00,16.8,0.0,8.3
London,2026-10-02T23:00,16.2,0.0,7.9
London,2026-10-03T00:00,15.7,0.0,7.2
London,2026-10-03T01:00,15.3,0.0,6.5
London,2026-10-03T02:00,14.9,0.0,6.1
London,2026-10-03T03:00,14.5,0.0,5.8
London,2026-10-03T04:00,14.1,0.0,5.4
London,2026-10-03T05:00,13.6,0.0,5.4
London,2026-10-03T06:00,13.5,0.0,5.0
London,2026-10-03T07:00,13.9,0.0,4.7
London,2026-10-03T08:00,14.5,0.0,4.7
London,2026-10-03T09:00,15.3,0.0,4.7
London,2026-10-03T10:00,16.3,0.0,5.0
London,2026-10-03T11:00,17.5,0.0,5.4
London,2026-10-03T12:00,18.5,0.0,5.8
London,2026-10-03T13:00,19.2,0.0,6.1
London,2026-10-03T14:00,19.9,0.0,6.1
London,2026-10-03T15:00,20.2,0.0,6.5
London,2026-10-03T16:00,20.3,0.0,7.2
London,2026-10-03T17:00,20.1,0.0,7.9
London,2026-10-03T18:00,19.8,0.0,8.6
London,2026-10-03T19:00,19.5,0.0,9.0
London,2026-10-03T20:00,19.1,0.0,9.0
London,2026-10-03T21:00,18.6,0.0,9.0
London,2026-10-03T22:00,17.9,0.0,8.6
London,2026-10-03T23:00,17.1,0.0,7.9
London,2026-10-04T00:00,16.4,0.0,7.2
London,2026-10-04T01:00,15.9,0.0,7.2
London,2026-10-04T02:00,15.4,0.0,7.2
London,2026-10-04T03:00,15.0,0.0,7.2
London,2026-10-04T04:00,14.6,0.0,7.2
London,2026-10-04T05:00,14.3,0.0,7.6
London,2026-10-04T06:00,14.2,0.0,7.9
London,2026-10-04T07:00,14.3,0.0,8.6
London,2026-10-04T08:00,14.6,0.0,9.7
London,2026-10-04T09:00,15.2,0.0,10.8
London,2026-10-04T10:00,16.2,0.0,11.9
London,2026-10-04T11:00,17.6,0.0,13.0
London,2026-10-04T12:00,18.7,0.0,14.0
London,2026-10-04T13:00,19.6,0.0,14.8
London,2026-10-04T14:00,20.3,0.0,15.5
London,2026-10-04T15:00,20.6,0.0,16.2
London,2026-10-04T16:00,20.5,0.1,16.6
London,2026-10-04T17:00,20.0,0.1,16.9
London,2026-10-04T18:00,19.4,0.1,16.6
London,2026-10-04T19:00,18.8,0.0,15.8
London,2026-10-04T20:00,18.0,0.0,14.8
London,2026-10-04T21:00,17.3,0.0,13.7
London,2026-10-04T22:00,17.2,0.0,13.0
London,2026-10-04T23:00,16.6,0.0,11.9
London,2026-10-05T00:00,16.0,0.0,11.2
London,2026-10-05T01:00,15.5,0.0,10.4
London,2026-10-05T02:00,15.0,0.0,9.7
London,2026-10-05T03:00,14.5,0.0,9.4
London,2026-10-05T04:00,14.1,0.0,9.0
London,2026-10-05T05:00,13.8,0.0,8.6
London,2026-10-05T06:00,13.8,0.0,8.3
London,2026-10-05T07:00,14.0,0.0,8.3
London,2026-10-05T08:00,14.5,0.0,8.6
London,2026-10-05T09:00,15.2,0.0,9.0
London,2026-10-05T10:00,15.9,0.0,9.4
London,2026-10-05T11:00,16.5,0.0,9.7
London,2026-10-05T12:00,17.0,0.0,9.7
London,2026-10-05T13:00,17.4,0.0,9.7
London,2026-10-05T14:00,17.8,0.0,9.7
London,2026-10-05T15:00,18.1,0.0,9.4
London,2026-10-05T16:00,18.3,0.0,9.0
London,2026-10-05T17:00,18.5,0.0,9.0
London,2026-10-05T18:00,18.5,0.0,8.6
London,2026-10-05T19:00,18.3,0.0,8.3
London,2026-10-05T20:00,17.9,0.0,7.9
London,2026-10-05T21:00,17.4,0.0,7.6
London,2026-10-05T22:00,16.9,0.0,7.2
London,2026-10-05T23:00,16.4,0.0,7.2
Manchester,2026-09-29T00:00,12.7,0.0,11.9
Manchester,2026-09-29T01:00,12.8,0.0,12.2
Manchester,2026-09-29T02:00,12.7,0.0,9.4
Manchester,2026-09-29T03:00,12.7,0.0,9.0
Manchester,2026-09-29T04:00,13.1,0.0,10.1
Manchester,2026-09-29T05:00,12.3,0.0,9.0
Manchester,2026-09-29T06:00,12.6,0.0,10.1
Manchester,2026-09-29T07:00,13.0,0.0,6.5
Manchester,2026-09-29T08:00,14.5,0.0,11.9
Manchester,2026-09-29T09:00,15.3,0.0,10.8
Manchester,2026-09-29T10:00,16.1,0.0,13.7
Manchester,2026-09-29T11:00,16.9,0.0,16.9
Manchester,2026-09-29T12:00,18.3,0.0,22.0
Manchester,2026-09-29T13:00,19.2,0.0,22.0
Manchester,2026-09-29T14:00,20.1,0.0,17.6
Manchester,2026-09-29T15:00,21.1,0.0,17.6
Manchester,2026-09-29T16:00,21.6,0.0,20.9
Manchester,2026-09-29T17:00,22.3,0.0,21.2
Manchester,2026-09-29T18:00,21.8,0.0,18.4
Manchester,2026-09-29T19:00,21.3,0.0,19.8
Manchester,2026-09-29T20:00,20.6,0.0,16.6
Manchester,2026-09-29T21:00,20.3,0.0,16.6
Manchester,2026-09-29T22:00,19.9,0.0,17.6
Manchester,2026-09-29T23:00,19.8,0.0,18.7
Manchester,2026-09-30T00:00,19.7,0.0,16.6
Manchester,2026-09-30T01:00,20.0,0.0,17.6
Manchester,2026-09-30T02:00,20.3,0.0,18.7
Manchester,2026-09-30T03:00,20.2,0.0,20.9
Manchester,2026-09-30T04:00,19.6,0.2,20.5
Manchester,2026-09-30T05:00,18.9,0.7,21.2
Manchester,2026-09-30T06:00,18.6,0.1,20.5
Manchester,2026-09-30T07:00,16.3,0.8,10.8
Manchester,2026-09-30T08:00,15.5,1.2,8.3
Manchester,2026-09-30T09:00,16.2,0.0,9.7
Manchester,2026-09-30T10:00,17.1,0.0,11.9
Manchester,2026-09-30T11:00,18.6,0.0,12.2
Manchester,2026-09-30T12:00,19.9,0.0,14.0
Manchester,2026-09-30T13:00,20.7,0.0,14.8
Manchester,2026-09-30T14:00,21.1,0.0,14.8
Manchester,2026-09-30T15:00,21.2,0.0,14.8
Manchester,2026-09-30T16:00,20.8,0.0,17.3
Manchester,2026-09-30T17:00,20.3,0.0,13.7
Manchester,2026-09-30T18:00,19.5,0.0,14.0
Manchester,2026-09-30T19:00,16.1,0.7,14.8
Manchester,2026-09-30T20:00,14.8,1.3,10.4
Manchester,2026-09-30T21:00,14.7,0.0,10.1
Manchester,2026-09-30T22:00,14.2,0.0,7.6
Manchester,2026-09-30T23:00,14.1,0.0,9.0
Manchester,2026-10-01T00:00,13.6,0.0,8.3
Manchester,2026-10-01T01:00,13.2,0.0,7.2
Manchester,2026-10-01T02:00,12.9,0.0,4.7
Manchester,2026-10-01T03:00,12.8,0.0,3.6
Manchester,2026-10-01T04:00,12.7,0.0,4.0
Manchester,2026-10-01T05:00,12.7,0.0,6.5
Manchester,2026-10-01T06:00,12.3,0.0,5.8
Manchester,2026-10-01T07:00,12.2,0.0,5.8
Manchester,2026-10-01T08:00,12.4,0.0,6.8
Manchester,2026-10-01T09:00,12.9,0.0,8.2
Manchester,2026-10-01T10:00,13.7,0.0,9.7
Manchester,2026-10-01T11:00,15.1,0.0,11.2
Manchester,2026-10-01T12:00,16.2,0.0,12.2
Manchester,2026-10-01T13:00,17.0,0.0,13.0
Manchester,2026-10-01T14:00,17.5,0.0,13.7
Manchester,2026-10-01T15:00,17.7,0.0,14.0
Manchester,2026-10-01T16:00,17.5,0.0,14.4
Manchester,2026-10-01T17:00,17.0,0.0,14.8
Manchester,2026-10-01T18:00,16.5,0.0,14.4
Manchester,2026-10-01T19:00,15.9,0.0,13.0
Manchester,2026-10-01T20:00,15.2,0.0,10.4
Manchester,2026-10-01T21:00,14.5,0.0,9.0
Manchester,2026-10-01T22:00,14.0,0.0,9.0
Manchester,2026-10-01T23:00,13.5,0.0,9.4
Manchester,2026-10-02T00:00,13.1,0.0,10.1
Manchester,2026-10-02T01:00,12.9,0.0,10.8
Manchester,2026-10-02T02:00,12.8,0.0,11.5
Manchester,2026-10-02T03:00,12.8,0.0,12.2
Manchester,2026-10-02T04:00,12.9,0.1,13.0
Manchester,2026-10-02T05:00,13.0,0.1,13.3
Manchester,2026-10-02T06:00,13.1,0.1,14.0
Manchester,2026-10-02T07:00,13.1,0.5,14.8
Manchester,2026-10-02T08:00,13.1,0.5,15.8
Manchester,2026-10-02T09:00,13.3,0.5,16.6
Manchester,2026-10-02T10:00,14.1,0.4,16.9
Manchester,2026-10-02T11:00,15.2,0.4,16.6
Manchester,2026-10-02T12:00,16.1,0.4,16.6
Manchester,2026-10-02T13:00,16.7,0.6,16.6
Manchester,2026-10-02T14:00,17.2,0.6,16.2
Manchester,2026-10-02T15:00,17.4,0.6,15.8
Manchester,2026-10-02T16:00,17.2,0.4,15.1
Manchester,2026-10-02T17:00,16.9,0.4,14.4
Manchester,2026-10-02T18:00,16.4,0.4,13.7
Manchester,2026-10-02T19:00,16.0,0.3,13.3
Manchester,2026-10-02T20:00,15.5,0.3,13.3
Manchester,2026-10-02T21:00,15.1,0.3,13.0
Manchester,2026-10-02T22:00,14.8,0.7,11.9
Manchester,2026-10-02T23:00,14.5,0.7,10.4
Manchester,2026-10-03T00:00,14.3,0.7,9.4
Manchester,2026-10-03T01:00,14.1,0.0,8.3
Manchester,2026-10-03T02:00,14.0,0.0,7.2
Manchester,2026-10-03T03:00,13.7,0.0,6.5
Manchester,2026-10-03T04:00,13.2,0.0,5.8
Manchester,2026-10-03T05:00,12.6,0.0,5.0
Manchester,2026-10-03T06:00,12.2,0.0,4.7
Manchester,2026-10-03T07:00,12.2,0.0,4.7
Manchester,2026-10-03T08:00,12.5,0.0,5.0
Manchester,2026-10-03T09:00,12.9,0.0,5.0
Manchester,2026-10-03T10:00,13.5,0.0,5.0
Manchester,2026-10-03T11:00,14.4,0.0,5.0
Manchester,2026-10-03T12:00,15.1,0.0,5.0
Manchester,2026-10-03T13:00,15.5,0.2,5.4
Manchester,2026-10-03T14:00,15.8,0.2,5.8
Manchester,2026-10-03T15:00,16.0,0.2,6.8
Manchester,2026-10-03T16:00,16.1,2.1,9.4
Manchester,2026-10-03T17:00,16.2,2.1,12.2
Manchester,2026-10-03T18:00,16.2,2.1,14.8
Manchester,2026-10-03T19:00,16.0,1.1,15.5
Manchester,2026-10-03T20:00,15.6,1.1,15.8
Manchester,2026-10-03T21:00,15.4,1.1,15.8
Manchester,2026-10-03T22:00,15.2,0.8,16.2
Manchester,2026-10-03T23:00,15.2,0.8,16.6
Manchester,2026-10-04T00:00,15.2,0.8,16.6
Manchester,2026-10-04T01:00,15.2,0.2,15.8
Manchester,2026-10-04T02:00,15.3,0.2,14.4
Manchester,2026-10-04T03:00,15.4,0.2,13.3
Manchester,2026-10-04T04:00,15.3,0.2,12.2
Manchester,2026-10-04T05:00,15.2,0.2,11.2
Manchester,2026-10-04T06:00,15.1,0.2,10.4
Manchester,2026-10-04T07:00,15.1,0.1,10.1
Manchester,2026-10-04T08:00,15.1,0.1,9.7
Manchester,2026-10-04T09:00,15.3,0.1,10.4
Manchester,2026-10-04T10:00,16.0,0.0,13.0
Manchester,2026-10-04T11:00,16.8,0.0,16.2
Manchester,2026-10-04T12:00,17.3,0.0,18.7
Manchester,2026-10-04T13:00,17.4,0.1,19.8
Manchester,2026-10-04T14:00,17.1,0.1,20.2
Manchester,2026-10-04T15:00,16.8,0.1,19.8
Manchester,2026-10-04T16:00,16.4,0.0,18.0
Manchester,2026-10-04T17:00,15.9,0.0,15.5
Manchester,2026-10-04T18:00,15.6,0.0,13.7
Manchester,2026-10-04T19:00,15.4,0.1,13.0
Manchester,2026-10-04T20:00,15.4,0.1,13.0
Manchester,2026-10-04T21:00,15.3,0.1,12.6
Manchester,2026-10-04T22:00,14.7,0.1,11.9
Manchester,2026-10-04T23:00,14.5,0.1,11.5
Manchester,2026-10-05T00:00,14.2,0.1,11.2
Manchester,2026-10-05T01:00,13.8,0.0,10.8
Manchester,2026-10-05T02:00,13.3,0.0,10.1
Manchester,2026-10-05T03:00,12.7,0.0,9.7
Manchester,2026-10-05T04:00,12.2,0.0,9.4
Manchester,2026-10-05T05:00,11.8,0.0,9.0
Manchester,2026-10-05T06:00,11.7,0.0,9.0
Manchester,2026-10-05T07:00,11.8,0.0,9.0
Manchester,2026-10-05T08:00,12.2,0.0,9.7
Manchester,2026-10-05T09:00,12.8,0.0,10.1
Manchester,2026-10-05T10:00,13.3,0.0,10.8
Manchester,2026-10-05T11:00,13.9,0.0,11.2
Manchester,2026-10-05T12:00,14.3,0.0,11.2
Manchester,2026-10-05T13:00,14.6,0.0,11.2
Manchester,2026-10-05T14:00,14.8,0.0,10.4
Manchester,2026-10-05T15:00,15.0,0.0,10.1
Manchester,2026-10-05T16:00,15.2,0.0,9.4
Manchester,2026-10-05T17:00,15.3,0.0,9.0
Manchester,2026-10-05T18:00,15.3,0.0,8.6
Manchester,2026-10-05T19:00,15.2,0.0,8.3
Manchester,2026-10-05T20:00,14.9,0.0,8.3
Manchester,2026-10-05T21:00,14.6,0.0,8.3
Manchester,2026-10-05T22:00,14.3,0.0,8.3
Manchester,2026-10-05T23:00,14.0,0.0,8.3
Edinburgh,2026-09-29T00:00,8.1,0.0,5.0
Edinburgh,2026-09-29T01:00,7.8,0.0,5.4
Edinburgh,2026-09-29T02:00,8.5,0.0,9.0
Edinburgh,2026-09-29T03:00,8.4,0.0,11.9
Edinburgh,2026-09-29T04:00,8.2,0.0,13.0
Edinburgh,2026-09-29T05:00,8.1,0.0,14.4
Edinburgh,2026-09-29T06:00,7.9,0.0,11.9
Edinburgh,2026-09-29T07:00,8.2,0.0,9.0
Edinburgh,2026-09-29T08:00,9.6,0.0,9.0
Edinburgh,2026-09-29T09:00,12.2,0.0,15.1
Edinburgh,2026-09-29T10:00,14.0,0.0,20.5
Edinburgh,2026-09-29T11:00,15.2,0.0,18.7
Edinburgh,2026-09-29T12:00,15.9,0.0,20.9
Edinburgh,2026-09-29T13:00,16.6,0.0,20.2
Edinburgh,2026-09-29T14:00,16.8,0.0,19.1
Edinburgh,2026-09-29T15:00,16.9,0.0,17.6
Edinburgh,2026-09-29T16:00,16.1,0.0,17.3
Edinburgh,2026-09-29T17:00,15.9,0.0,17.6
Edinburgh,2026-09-29T18:00,15.6,0.0,17.3
Edinburgh,2026-09-29T19:00,15.4,0.0,16.6
Edinburgh,2026-09-29T20:00,15.6,0.0,15.5
Edinburgh,2026-09-29T21:00,16.1,0.0,16.2
Edinburgh,2026-09-29T22:00,16.6,0.0,17.3
Edinburgh,2026-09-29T23:00,16.8,0.0,17.3
Edinburgh,2026-09-30T00:00,16.8,0.0,14.8
Edinburgh,2026-09-30T01:00,16.5,0.0,15.5
Edinburgh,2026-09-30T02:00,16.3,0.0,15.1
Edinburgh,2026-09-30T03:00,16.6,0.0,15.1
Edinburgh,2026-09-30T04:00,17.3,0.0,16.9
Edinburgh,2026-09-30T05:00,17.2,0.0,16.2
Edinburgh,2026-09-30T06:00,17.4,0.1,14.0
Edinburgh,2026-09-30T07:00,17.6,0.3,21.2
Edinburgh,2026-09-30T08:00,16.3,0.1,9.0
Edinburgh,2026-09-30T09:00,15.6,0.0,8.3
Edinburgh,2026-09-30T10:00,15.9,0.0,10.1
Edinburgh,2026-09-30T11:00,17.6,0.0,16.2
Edinburgh,2026-09-30T12:00,18.4,0.0,16.6
Edinburgh,2026-09-30T13:00,19.0,0.0,17.6
Edinburgh,2026-09-30T14:00,19.0,0.0,18.0
Edinburgh,2026-09-30T15:00,19.0,0.0,18.4
Edinburgh,2026-09-30T16:00,18.5,0.0,15.5
Edinburgh,2026-09-30T17:00,17.6,0.0,14.8
Edinburgh,2026-09-30T18:00,16.5,0.0,6.8
Edinburgh,2026-09-30T19:00,16.2,0.0,5.4
Edinburgh,2026-09-30T20:00,15.9,0.0,3.2
Edinburgh,2026-09-30T21:00,14.3,1.5,5.8
Edinburgh,2026-09-30T22:00,14.2,0.8,6.8
Edinburgh,2026-09-30T23:00,14.0,0.1,7.6
Edinburgh,2026-10-01T00:00,13.0,1.2,7.9
Edinburgh,2026-10-01T01:00,13.4,0.3,11.2
Edinburgh,2026-10-01T02:00,12.2,0.0,7.6
Edinburgh,2026-10-01T03:00,12.6,0.0,11.2
Edinburgh,2026-10-01T04:00,12.2,0.0,10.1
Edinburgh,2026-10-01T05:00,11.6,0.0,9.7
Edinburgh,2026-10-01T06:00,11.1,0.0,9.0
Edinburgh,2026-10-01T07:00,11.0,0.0,6.4
Edinburgh,2026-10-01T08:00,12.0,0.0,6.7
Edinburgh,2026-10-01T09:00,12.6,0.0,8.8
Edinburgh,2026-10-01T10:00,13.4,0.0,10.1
Edinburgh,2026-10-01T11:00,14.4,0.0,11.9
Edinburgh,2026-10-01T12:00,15.2,0.0,13.0
Edinburgh,2026-10-01T13:00,15.8,0.0,13.3
Edinburgh,2026-10-01T14:00,16.2,0.0,13.0
Edinburgh,2026-10-01T15:00,16.3,0.0,13.0
Edinburgh,2026-10-01T16:00,15.9,0.0,13.7
Edinburgh,2026-10-01T17:00,15.3,0.0,14.8
Edinburgh,2026-10-01T18:00,14.6,0.0,14.8
Edinburgh,2026-10-01T19:00,13.8,0.0,13.3
Edinburgh,2026-10-01T20:00,13.0,0.0,11.2
Edinburgh,2026-10-01T21:00,12.4,0.0,9.7
Edinburgh,2026-10-01T22:00,12.1,0.0,9.4
Edinburgh,2026-10-01T23:00,12.1,0.0,9.7
Edinburgh,2026-10-02T00:00,12.1,0.0,10.1
Edinburgh,2026-10-02T01:00,12.3,0.2,10.8
Edinburgh,2026-10-02T02:00,12.6,0.2,11.5
Edinburgh,2026-10-02T03:00,12.8,0.2,11.9
Edinburgh,2026-10-02T04:00,12.9,0.3,11.5
Edinburgh,2026-10-02T05:00,12.9,0.3,10.8
Edinburgh,2026-10-02T06:00,13.0,0.3,10.4
Edinburgh,2026-10-02T07:00,13.4,0.0,10.4
Edinburgh,2026-10-02T08:00,13.9,0.0,10.8
Edinburgh,2026-10-02T09:00,14.3,0.0,10.8
Edinburgh,2026-10-02T10:00,14.4,0.3,10.4
Edinburgh,2026-10-02T11:00,14.4,0.3,9.7
Edinburgh,2026-10-02T12:00,14.5,0.3,9.7
Edinburgh,2026-10-02T13:00,15.0,0.6,11.5
Edinburgh,2026-10-02T14:00,15.5,0.6,14.0
Edinburgh,2026-10-02T15:00,15.8,0.6,15.5
Edinburgh,2026-10-02T16:00,15.5,0.0,15.1
Edinburgh,2026-10-02T17:00,15.0,0.0,13.7
Edinburgh,2026-10-02T18:00,14.4,0.0,12.2
Edinburgh,2026-10-02T19:00,13.7,0.0,10.8
Edinburgh,2026-10-02T20:00,13.0,0.0,9.4
Edinburgh,2026-10-02T21:00,12.3,0.0,8.3
Edinburgh,2026-10-02T22:00,11.9,0.0,8.6
Edinburgh,2026-10-02T23:00,11.6,0.0,9.4
Edinburgh,2026-10-03T00:00,11.3,0.0,10.1
Edinburgh,2026-10-03T01:00,11.0,0.0,10.1
Edinburgh,2026-10-03T02:00,10.7,0.0,10.1
Edinburgh,2026-10-03T03:00,10.4,0.0,9.7
Edinburgh,2026-10-03T04:00,10.0,0.0,9.4
Edinburgh,2026-10-03T05:00,9.6,0.0,9.0
Edinburgh,2026-10-03T06:00,9.4,0.0,8.3
Edinburgh,2026-10-03T07:00,9.5,0.0,7.6
Edinburgh,2026-10-03T08:00,9.9,0.0,6.5
Edinburgh,2026-10-03T09:00,10.6,0.0,5.8
Edinburgh,2026-10-03T10:00,11.6,0.0,5.8
Edinburgh,2026-10-03T11:00,12.7,0.0,6.1
Edinburgh,2026-10-03T12:00,13.7,0.0,6.8
Edinburgh,2026-10-03T13:00,14.4,0.0,7.9
Edinburgh,2026-10-03T14:00,14.8,0.0,9.4
Edinburgh,2026-10-03T15:00,14.9,0.0,10.4
Edinburgh,2026-10-03T16:00,14.5,0.0,10.8
Edinburgh,2026-10-03T17:00,13.6,0.0,10.8
Edinburgh,2026-10-03T18:00,12.9,0.0,10.4
Edinburgh,2026-10-03T19:00,12.5,0.0,9.0
Edinburgh,2026-10-03T20:00,12.2,0.0,7.2
Edinburgh,2026-10-03T21:00,11.9,0.0,5.8
Edinburgh,2026-10-03T22:00,11.6,0.0,4.7
Edinburgh,2026-10-03T23:00,11.3,0.0,3.6
Edinburgh,2026-10-04T00:00,11.0,0.0,2.9
Edinburgh,2026-10-04T01:00,10.7,0.1,2.5
Edinburgh,2026-10-04T02:00,10.6,0.1,2.5
Edinburgh,2026-10-04T03:00,10.5,0.1,2.9
Edinburgh,2026-10-04T04:00,10.5,0.0,3.2
Edinburgh,2026-10-04T05:00,10.5,0.0,4.0
Edinburgh,2026-10-04T06:00,10.9,0.0,5.4
Edinburgh,2026-10-04T07:00,11.7,0.0,7.6
Edinburgh,2026-10-04T08:00,12.8,0.0,10.1
Edinburgh,2026-10-04T09:00,13.7,0.0,12.6
Edinburgh,2026-10-04T10:00,14.2,0.0,14.8
Edinburgh,2026-10-04T11:00,14.4,0.0,16.6
Edinburgh,2026-10-04T12:00,14.6,0.0,18.4
Edinburgh,2026-10-04T13:00,14.9,0.0,19.8
Edinburgh,2026-10-04T14:00,15.2,0.0,21.2
Edinburgh,2026-10-04T15:00,15.2,0.0,22.0
Edinburgh,2026-10-04T16:00,14.6,0.1,22.3
Edinburgh,2026-10-04T17:00,13.7,0.1,22.3
Edinburgh,2026-10-04T18:00,12.9,0.1,21.6
Edinburgh,2026-10-04T19:00,12.3,0.0,20.2
Edinburgh,2026-10-04T20:00,11.8,0.0,17.6
Edinburgh,2026-10-04T21:00,11.3,0.0,16.2
Edinburgh,2026-10-04T22:00,11.3,0.0,17.6
Edinburgh,2026-10-04T23:00,10.9,0.0,16.6
Edinburgh,2026-10-05T00:00,10.6,0.0,15.8
Edinburgh,2026-10-05T01:00,10.3,0.0,15.1
Edinburgh,2026-10-05T02:00,10.1,0.0,14.8
Edinburgh,2026-10-05T03:00,9.8,0.0,14.4
Edinburgh,2026-10-05T04:00,9.7,0.0,14.0
Edinburgh,2026-10-05T05:00,9.6,0.0,14.0
Edinburgh,2026-10-05T06:00,9.8,0.0,14.4
Edinburgh,2026-10-05T07:00,10.3,0.0,15.1
Edinburgh,2026-10-05T08:00,11.0,0.0,15.8
Edinburgh,2026-10-05T09:00,11.9,0.0,17.3
Edinburgh,2026-10-05T10:00,12.8,0.0,18.4
Edinburgh,2026-10-05T11:00,13.6,0.0,19.4
Edinburgh,2026-10-05T12:00,14.2,0.0,20.2
Edinburgh,2026-10-05T13:00,14.6,0.0,20.5
Edinburgh,2026-10-05T14:00,14.9,0.0,20.9
Edinburgh,2026-10-05T15:00,15.1,0.0,21.2
Edinburgh,2026-10-05T16:00,15.2,0.0,21.2
Edinburgh,2026-10-05T17:00,15.3,0.0,20.9
Edinburgh,2026-10-05T18:00,15.4,0.0,20.9
Edinburgh,2026-10-05T19:00,15.4,0.0,20.5
Edinburgh,2026-10-05T20:00,15.4,0.0,19.8
Edinburgh,2026-10-05T21:00,15.3,0.0,19.4
Edinburgh,2026-10-05T22:00,15.2,0.0,18.7
Edinburgh,2026-10-05T23:00,15.1,0.0,18.0
Birmingham,2026-09-29T00:00,12.0,0.0,10.1
Birmingham,2026-09-29T01:00,11.6,0.0,8.3
Birmingham,2026-09-29T02:00,11.6,0.0,8.6
Birmingham,2026-09-29T03:00,12.0,0.0,10.1
Birmingham,2026-09-29T04:00,12.2,0.0,10.4
Birmingham,2026-09-29T05:00,12.4,0.1,11.2
Birmingham,2026-09-29T06:00,12.8,0.2,9.4
Birmingham,2026-09-29T07:00,13.2,0.4,11.2
Birmingham,2026-09-29T08:00,14.0,0.5,13.3
Birmingham,2026-09-29T09:00,14.6,0.2,14.8
Birmingham,2026-09-29T10:00,15.6,0.0,15.8
Birmingham,2026-09-29T11:00,16.7,0.0,14.8
Birmingham,2026-09-29T12:00,18.1,0.0,15.5
Birmingham,2026-09-29T13:00,19.9,0.0,19.8
Birmingham,2026-09-29T14:00,21.4,0.0,14.8
Birmingham,2026-09-29T15:00,22.7,0.0,17.3
Birmingham,2026-09-29T16:00,23.0,0.0,16.6
Birmingham,2026-09-29T17:00,22.5,0.0,16.6
Birmingham,2026-09-29T18:00,21.4,0.0,15.8
Birmingham,2026-09-29T19:00,20.4,0.0,18.0
Birmingham,2026-09-29T20:00,19.8,0.0,17.6
Birmingham,2026-09-29T21:00,19.4,0.0,15.5
Birmingham,2026-09-29T22:00,19.1,0.0,17.3
Birmingham,2026-09-29T23:00,19.1,0.0,17.3
Birmingham,2026-09-30T00:00,18.9,0.0,16.2
Birmingham,2026-09-30T01:00,18.9,0.0,16.9
Birmingham,2026-09-30T02:00,18.8,0.1,19.4
Birmingham,2026-09-30T03:00,18.1,0.5,15.5
Birmingham,2026-09-30T04:00,18.0,0.5,19.1
Birmingham,2026-09-30T05:00,17.9,0.1,19.4
Birmingham,2026-09-30T06:00,17.6,0.0,17.3
Birmingham,2026-09-30T07:00,14.9,2.3,13.0
Birmingham,2026-09-30T08:00,15.5,0.1,5.4
Birmingham,2026-09-30T09:00,15.8,0.0,9.4
Birmingham,2026-09-30T10:00,17.0,0.0,11.9
Birmingham,2026-09-30T11:00,18.3,0.0,12.6
Birmingham,2026-09-30T12:00,19.4,0.0,15.5
Birmingham,2026-09-30T13:00,20.4,0.0,18.4
Birmingham,2026-09-30T14:00,20.9,0.0,18.7
Birmingham,2026-09-30T15:00,20.7,0.0,19.8
Birmingham,2026-09-30T16:00,20.1,0.0,20.2
Birmingham,2026-09-30T17:00,19.1,0.0,23.0
Birmingham,2026-09-30T18:00,18.3,0.0,19.1
Birmingham,2026-09-30T19:00,17.5,0.0,16.2
Birmingham,2026-09-30T20:00,15.9,0.5,13.3
Birmingham,2026-09-30T21:00,15.1,0.0,12.2
Birmingham,2026-09-30T22:00,14.6,0.0,11.9
Birmingham,2026-09-30T23:00,14.1,0.0,13.0
Birmingham,2026-10-01T00:00,13.5,0.0,9.7
Birmingham,2026-10-01T01:00,13.2,0.0,9.0
Birmingham,2026-10-01T02:00,12.8,0.0,8.3
Birmingham,2026-10-01T03:00,12.5,0.0,9.4
Birmingham,2026-10-01T04:00,12.5,0.0,11.2
Birmingham,2026-10-01T05:00,12.6,0.0,8.6
Birmingham,2026-10-01T06:00,12.3,0.0,7.9
Birmingham,2026-10-01T07:00,12.1,0.0,11.6
Birmingham,2026-10-01T08:00,12.4,0.0,11.0
Birmingham,2026-10-01T09:00,13.0,0.0,10.9
Birmingham,2026-10-01T10:00,13.9,0.0,10.8
Birmingham,2026-10-01T11:00,15.2,0.0,11.2
Birmingham,2026-10-01T12:00,16.3,0.0,11.9
Birmingham,2026-10-01T13:00,17.0,0.1,13.0
Birmingham,2026-10-01T14:00,17.5,0.1,14.4
Birmingham,2026-10-01T15:00,17.7,0.1,14.8
Birmingham,2026-10-01T16:00,17.5,0.0,14.0
Birmingham,2026-10-01T17:00,17.0,0.0,12.6
Birmingham,2026-10-01T18:00,16.4,0.0,11.2
Birmingham,2026-10-01T19:00,15.7,0.0,10.4
Birmingham,2026-10-01T20:00,14.8,0.0,9.7
Birmingham,2026-10-01T21:00,14.1,0.0,9.4
Birmingham,2026-10-01T22:00,13.6,0.0,9.7
Birmingham,2026-10-01T23:00,13.2,0.0,10.4
Birmingham,2026-10-02T00:00,12.9,0.0,11.2
Birmingham,2026-10-02T01:00,12.6,0.0,11.9
Birmingham,2026-10-02T02:00,12.4,0.0,12.2
Birmingham,2026-10-02T03:00,12.2,0.0,13.0
Birmingham,2026-10-02T04:00,12.1,0.0,13.7
Birmingham,2026-10-02T05:00,12.0,0.0,14.4
Birmingham,2026-10-02T06:00,12.1,0.0,15.1
Birmingham,2026-10-02T07:00,12.4,0.0,15.5
Birmingham,2026-10-02T08:00,13.0,0.0,15.5
Birmingham,2026-10-02T09:00,13.8,0.0,15.8
Birmingham,2026-10-02T10:00,15.0,0.0,17.6
Birmingham,2026-10-02T11:00,16.4,0.0,19.4
Birmingham,2026-10-02T12:00,17.4,0.0,20.9
Birmingham,2026-10-02T13:00,17.9,0.3,20.5
Birmingham,2026-10-02T14:00,17.9,0.3,19.8
Birmingham,2026-10-02T15:00,17.8,0.3,18.4
Birmingham,2026-10-02T16:00,17.6,0.1,16.9
Birmingham,2026-10-02T17:00,17.1,0.1,15.1
Birmingham,2026-10-02T18:00,16.7,0.1,13.7
Birmingham,2026-10-02T19:00,16.2,0.0,12.6
Birmingham,2026-10-02T20:00,15.6,0.0,12.2
Birmingham,2026-10-02T21:00,15.1,0.0,11.9
Birmingham,2026-10-02T22:00,14.8,0.0,11.9
Birmingham,2026-10-02T23:00,14.5,0.0,12.6
Birmingham,2026-10-03T00:00,14.2,0.0,12.6
Birmingham,2026-10-03T01:00,13.9,0.0,12.2
Birmingham,2026-10-03T02:00,13.7,0.0,11.5
Birmingham,2026-10-03T03:00,13.5,0.0,10.8
Birmingham,2026-10-03T04:00,13.5,0.1,9.4
Birmingham,2026-10-03T05:00,13.5,0.1,7.9
Birmingham,2026-10-03T06:00,13.6,0.1,6.8
Birmingham,2026-10-03T07:00,13.7,0.0,6.1
Birmingham,2026-10-03T08:00,13.9,0.0,6.1
Birmingham,2026-10-03T09:00,14.3,0.0,6.5
Birmingham,2026-10-03T10:00,15.0,0.0,7.9
Birmingham,2026-10-03T11:00,16.0,0.0,9.7
Birmingham,2026-10-03T12:00,16.8,0.0,11.5
Birmingham,2026-10-03T13:00,17.4,0.0,13.0
Birmingham,2026-10-03T14:00,17.8,0.0,14.8
Birmingham,2026-10-03T15:00,18.0,0.0,15.5
Birmingham,2026-10-03T16:00,17.9,0.0,15.1
Birmingham,2026-10-03T17:00,17.6,0.0,14.4
Birmingham,2026-10-03T18:00,17.2,0.0,13.7
Birmingham,2026-10-03T19:00,16.8,0.0,13.7
Birmingham,2026-10-03T20:00,16.5,0.0,13.7
Birmingham,2026-10-03T21:00,16.1,0.0,14.0
Birmingham,2026-10-03T22:00,15.5,0.0,14.4
Birmingham,2026-10-03T23:00,14.9,0.0,14.4
Birmingham,2026-10-04T00:00,14.5,0.0,14.8
Birmingham,2026-10-04T01:00,14.3,0.0,15.1
Birmingham,2026-10-04T02:00,14.2,0.0,15.5
Birmingham,2026-10-04T03:00,14.2,0.0,15.5
Birmingham,2026-10-04T04:00,14.2,0.0,15.5
Birmingham,2026-10-04T05:00,14.2,0.0,15.5
Birmingham,2026-10-04T06:00,14.4,0.0,15.1
Birmingham,2026-10-04T07:00,14.6,0.1,14.8
Birmingham,2026-10-04T08:00,14.9,0.1,14.4
Birmingham,2026-10-04T09:00,15.4,0.1,14.4
Birmingham,2026-10-04T10:00,16.3,0.0,15.5
Birmingham,2026-10-04T11:00,17.3,0.0,17.6
Birmingham,2026-10-04T12:00,18.2,0.0,19.1
Birmingham,2026-10-04T13:00,18.6,0.0,20.5
Birmingham,2026-10-04T14:00,18.8,0.0,21.6
Birmingham,2026-10-04T15:00,18.7,0.0,21.6
Birmingham,2026-10-04T16:00,18.1,0.0,20.2
Birmingham,2026-10-04T17:00,17.2,0.0,18.0
Birmingham,2026-10-04T18:00,16.4,0.0,15.8
Birmingham,2026-10-04T19:00,15.8,0.0,14.0
Birmingham,2026-10-04T20:00,15.3,0.0,12.6
Birmingham,2026-10-04T21:00,14.9,0.0,11.5
Birmingham,2026-10-04T22:00,14.9,0.0,11.9
Birmingham,2026-10-04T23:00,14.5,0.0,10.8
Birmingham,2026-10-05T00:00,14.1,0.0,10.1
Birmingham,2026-10-05T01:00,13.7,0.0,9.7
Birmingham,2026-10-05T02:00,13.3,0.0,9.0
Birmingham,2026-10-05T03:00,12.8,0.0,9.0
Birmingham,2026-10-05T04:00,12.4,0.0,8.6
Birmingham,2026-10-05T05:00,12.2,0.0,8.6
Birmingham,2026-10-05T06:00,12.0,0.0,8.6
Birmingham,2026-10-05T07:00,12.1,0.0,9.0
Birmingham,2026-10-05T08:00,12.3,0.0,9.4
Birmingham,2026-10-05T09:00,12.6,0.0,9.7
Birmingham,2026-10-05T10:00,13.0,0.0,10.4
Birmingham,2026-10-05T11:00,13.3,0.0,10.8
Birmingham,2026-10-05T12:00,13.7,0.0,10.8
Birmingham,2026-10-05T13:00,14.2,0.0,10.8
Birmingham,2026-10-05T14:00,14.7,0.0,10.4
Birmingham,2026-10-05T15:00,15.3,0.0,10.1
Birmingham,2026-10-05T16:00,15.9,0.0,9.4
Birmingham,2026-10-05T17:00,16.2,0.0,9.0
Birmingham,2026-10-05T18:00,16.3,0.0,8.6
Birmingham,2026-10-05T19:00,16.1,0.0,8.3
Birmingham,2026-10-05T20:00,15.6,0.0,7.9
Birmingham,2026-10-05T21:00,14.9,0.0,7.6
Birmingham,2026-10-05T22:00,14.2,0.0,7.2
Birmingham,2026-10-05T23:00,13.6,0.0,7.2
